{
  "total_samples": 986,
  "exact_match": 182,
  "ExpRate": 0.1845841784989858,
  "ExpRate_\u22641": 0.3509127789046653,
  "ExpRate_\u22642": 0.4645030425963489,
  "ExpRate_\u22643": 0.5517241379310345,
  "average_edit_distance": 5.254563894523327
}
