{
  "total_samples": 1147,
  "exact_match": 206,
  "ExpRate": 0.17959895379250218,
  "ExpRate_\u22641": 0.32083696599825634,
  "ExpRate_\u22642": 0.4385353095030514,
  "ExpRate_\u22643": 0.5170008718395815,
  "average_edit_distance": 5.6817785527462945
}