{
  "total_samples": 1199,
  "exact_match": 257,
  "ExpRate": 0.21434528773978315,
  "ExpRate_\u22641": 0.396163469557965,
  "ExpRate_\u22642": 0.5137614678899083,
  "ExpRate_\u22643": 0.5771476230191827,
  "average_edit_distance": 5.18765638031693
}