{
  "total_samples": 1147,
  "exact_match": 379,
  "ExpRate": 0.3304272013949433,
  "ExpRate_\u22641": 0.5108979947689625,
  "ExpRate_\u22642": 0.6277244986922407,
  "ExpRate_\u22643": 0.6809067131647777,
  "average_edit_distance": 3.6538796861377505
}