{
  "total_samples": 986,
  "exact_match": 0,
  "ExpRate": 0.0,
  "ExpRate_\u22641": 0.0,
  "ExpRate_\u22642": 0.012170385395537525,
  "ExpRate_\u22643": 0.032454361054766734,
  "average_edit_distance": 34.15415821501014
}