{
  "total_samples": 986,
  "exact_match": 223,
  "ExpRate": 0.22616632860040567,
  "ExpRate_\u22641": 0.38843813387423937,
  "ExpRate_\u22642": 0.5070993914807302,
  "ExpRate_\u22643": 0.5831643002028397,
  "average_edit_distance": 5.123732251521298
}