{
  "total_samples": 986,
  "exact_match": 336,
  "ExpRate": 0.3407707910750507,
  "ExpRate_\u22641": 0.5547667342799188,
  "ExpRate_\u22642": 0.6480730223123732,
  "ExpRate_\u22643": 0.7089249492900609,
  "average_edit_distance": 3.338742393509128
}