{
  "total_samples": 1147,
  "exact_match": 574,
  "ExpRate": 0.5004359197907585,
  "ExpRate_\u22641": 0.6774193548387096,
  "ExpRate_\u22642": 0.7750653879686138,
  "ExpRate_\u22643": 0.8195292066259808,
  "average_edit_distance": 2.2031386224934613
}