{
  "total_samples": 1147,
  "exact_match": 252,
  "ExpRate": 0.21970357454228423,
  "ExpRate_\u22641": 0.3722755013077594,
  "ExpRate_\u22642": 0.4777680906713165,
  "ExpRate_\u22643": 0.5501307759372276,
  "average_edit_distance": 5.437663469921534
}