{
  "total_samples": 986,
  "exact_match": 475,
  "ExpRate": 0.4817444219066937,
  "ExpRate_\u22641": 0.6643002028397565,
  "ExpRate_\u22642": 0.7505070993914807,
  "ExpRate_\u22643": 0.8073022312373225,
  "average_edit_distance": 2.240365111561866
}