{
  "total_samples": 1199,
  "exact_match": 626,
  "ExpRate": 0.5221017514595496,
  "ExpRate_\u22641": 0.7180984153461217,
  "ExpRate_\u22642": 0.7973311092577148,
  "ExpRate_\u22643": 0.8457047539616347,
  "average_edit_distance": 1.8373644703919934
}