{
  "total_samples": 1199,
  "exact_match": 398,
  "ExpRate": 0.33194328607172646,
  "ExpRate_\u22641": 0.5254378648874062,
  "ExpRate_\u22642": 0.6497080900750626,
  "ExpRate_\u22643": 0.7155963302752294,
  "average_edit_distance": 3.4320266889074227
}