{
  "total_samples": 1199,
  "exact_match": 204,
  "ExpRate": 0.1701417848206839,
  "ExpRate_\u22641": 0.3402835696413678,
  "ExpRate_\u22642": 0.4653878231859883,
  "ExpRate_\u22643": 0.5437864887406172,
  "average_edit_distance": 5.244370308590492
}